insert into categoria values (1, 'bolos');
insert into categoria values (2, 'risotos');
insert into categoria values (3, 'pudins');
insert into categoria values (4, 'paes');
insert into categoria values (5, 'massas');
insert into categoria values (6, 'biscoitos');
insert into categoria values (7, 'sopas');
insert into categoria values (8, 'carnes');
insert into categoria values (9, 'sobremesas');
insert into categoria values (10, 'saladas');
insert into categoria values (11, 'frituras');
insert into categoria values (12, 'tortas');
insert into categoria values (13, 'peixes');
insert into categoria values (14, 'bebidas');
insert into categoria values (15, 'frutos do mar');
insert into categoria values (16, 'salgados');
insert into categoria values (17, 'pratos principais vegetarianos');
insert into categoria values (18, 'petiscos');
insert into categoria values (19, 'aperitivos');
insert into categoria values (20, 'massas');
insert into categoria values (21, 'bebidas');
insert into categoria values (22, 'molhos');

insert into cozinheiro values (12345678900, 'Maurinho', 'risotos');
insert into cozinheiro values (12345677700, 'Mestre Andre', 'molhos');
insert into cozinheiro values (12345611100, 'Lu', 'doces');
insert into cozinheiro values (12345678000, 'Bina', 'pratos quentes');
insert into cozinheiro values (12343612200, 'Paulão', 'carnes');
insert into cozinheiro values (12345622200, 'Chef Álvaro', 'frutos do mar');
insert into cozinheiro values (12345603700, 'Lu Silvinha', 'salgados');
insert into cozinheiro values (12345297200, 'Alvinha', 'saladas');
insert into cozinheiro values (12341234666, 'Pelé', 'risotos');
insert into cozinheiro values (12341234991, 'Sil', 'paes');

insert into degustador values (12345688800, 'Sobremesas ao ponto');
insert into degustador values (12345622200, 'Aprimorando o paladar');
insert into degustador values (12345297200, 'Estética culinária');
insert into degustador values (12345603700, 'Sobremesas saborosas');
insert into degustador values (12345677700, 'Aprendendo sobre temperos');
insert into degustador values (12343612200, 'Tudo sobre Peixes');
insert into degustador values (12345678900, 'Primeiros passos na culinaria');
insert into degustador values (12341234992, 'Mestres da Cozinha');
insert into degustador values (12341234299,'Doutores da Cozinha');
insert into degustador values (12341234001,'Mestres da Cozinha');


insert into ingredientes values (100, 'farinha de trigo', 'farinha branca');
insert into ingredientes values (101, 'farinha de milho', ' ');
insert into ingredientes values (102, 'farinha de arroz', ' ');
insert into ingredientes values (103, 'ovos', ' ');
insert into ingredientes values (104, 'manteiga', 'sem sal');
insert into ingredientes values (105, ' oleo',' ');
insert into ingredientes values (106, 'acucar branco', ' ');
insert into ingredientes values (107, 'acucar mascavo', ' ');
insert into ingredientes values (108, 'adocante', ' ');
insert into ingredientes values (109, 'claras de ovos', ' ');
insert into ingredientes values (110, 'gemas de ovos', ' ');
insert into ingredientes values (111, 'fermento em po', ' ');
insert into ingredientes values (112, 'fermento biologico', ' ');
insert into ingredientes values (113, 'chocolate em po', ' ');
insert into ingredientes values (114, 'achocolatado', ' ');
insert into ingredientes values (115, 'leite condensado', ' ');
insert into ingredientes values (121, 'arroz branco', ' ');
insert into ingredientes values (122, 'arroz arboreo', ' ');
insert into ingredientes values (123, 'arroz integral', ' ');
insert into ingredientes values (131, 'espaguete', ' ');
insert into ingredientes values (132, 'macarrao', ' ');
insert into ingredientes values (133, 'fusili', ' ');
insert into ingredientes values (140, 'tomate', ' ');
insert into ingredientes values (141, 'cebola', ' ');
insert into ingredientes values (142, 'alho', ' ');
insert into ingredientes values (143, 'tempero verde', ' ');
insert into ingredientes values (144, 'cenoura', ' ');
insert into ingredientes values (145, 'moranga', ' ');
insert into ingredientes values (146, ' abobrinha', ' ');
insert into ingredientes values (147, 'manjericao', ' ');
insert into ingredientes values (148, 'batata inglesa', ' ');
insert into ingredientes values (149, 'batata doce', ' ');
insert into ingredientes values (150, 'queijo ralado', ' ');
insert into ingredientes values (151, 'queijo prato', ' ');
insert into ingredientes values (152, 'queijo mussarela', ' ');
insert into ingredientes values (160, 'peito de frango', ' ');
insert into ingredientes values (161, 'asa de frango', ' ');
insert into ingredientes values (162, 'coxa de frango', ' ');
insert into ingredientes values (163, 'peixe', ' ');
insert into ingredientes values (164, ' agua', 'da torneira');
insert into ingredientes values (165, 'leite', ' ');
insert into ingredientes values (166, 'alface', ' ');
insert into ingredientes values (167, 'aveia', 'comum');
insert into ingredientes values (168, 'cevada', ' ');
insert into ingredientes values (169, 'quinoa', ' ');
insert into ingredientes values (170, 'sagu', 'brasileiro');
insert into ingredientes values (171, 'trigo', 'sarraceno');
insert into ingredientes values (172, 'cogumelo', 'seco');
insert into ingredientes values (173, 'salsa', '');
insert into ingredientes values (174, 'arroz','para risotto');
insert into ingredientes values (175, 'agua', 'da torneira');
insert into ingredientes values (176, 'caldo', 'de legumes');
insert into ingredientes values (177, 'sal', '');
insert into ingredientes values (178, 'queijo parmesao','ralado');
insert into ingredientes values (179, 'leite','');
insert into ingredientes values (180, 'grao de bico','natural');
insert into ingredientes values (181,'limão','bergamota');
insert into ingredientes values (182,'beringela','');
insert into ingredientes values (183,'Granulado','colorido');
insert into ingredientes values (184,'cebolinha','');


insert into livro values (12345611100, 'Receitas para todos', 9781234567890);
insert into livro values (12345611100, 'Cozinha saudavel', 9781234444444);
insert into livro values (12345611100, 'O livro das receitas', 9781235555555);
insert into livro values (12345611100, 'Pratos elaborados', 9781236666666);
insert into livro values (12345611100, 'Receitas faceis e rapidas', 9781237777777);
insert into livro values (12345677700, 'Cozinha facil',  9781237772548);
insert into livro values (12345611100, 'A arte de cozinhar',  9781237773658);
insert into livro values (12345688800, 'Cozinha brasileira',  9781237770218);
insert into livro values (12345678000, 'Cozinha francesa',  9781237772398);
insert into livro values (12345297200, 'Cozinha italiana',  9781237772589);
insert into livro values (12345678000, 'Risottos de Garagem', 9781237771234);
insert into livro values (12345297200, 'Choque Gourmet', 9781237774321);
insert into livro values (69383166606, 'Comida de Bebê', 9781237774322);
insert into livro values (57784267983, 'O que Tem na Geladeira', 9781237774323);
insert into livro values (38702223520, 'Dona Benta - Comer Bem', 9781237774324);
insert into livro values (28001489779, 'Vegano sem Frescura', 9781237774325);
insert into livro values (52537117085, 'Nutrindo seus Sentidos',  9781237774326);


insert into funcionario values (12345678900, 'Mauro Pedrosa', '14/03/2014', 3000);
insert into funcionario values (12345677700, 'Andre Carlos', '10/10/2015', 3000);
insert into funcionario values (12345688800, 'Mirtes Salvador', '20/10/2015', 3000);
insert into funcionario values (12345699900, 'Julian Passos', '20/10/2015', 3500);
insert into funcionario values (12345611100, 'Luciana Romeni', '10/10/2015', 3100);
insert into funcionario values (12345622200, 'Alvaro Coelho', '25/11/2016', 2500);
insert into funcionario values (12345297200, 'Luciana Alves', '15/08/2016', 3500);
insert into funcionario values (12345603700, 'Luana da Silva', '01/02/2014', 2000);
insert into funcionario values (12345678000, 'Sabrina Parenza', '06/05/2013', 4200);
insert into funcionario values (12343612200, 'Paulo Espinoza', '20/04/2012', 4500);
insert into funcionario values (12343612580, 'Julio Prates', '09/07/2015', 4700);
insert into funcionario values (12341234666, 'Edson Arantes do Nascimento', '29/06/1958',5740);
insert into funcionario values (12341234991, 'Silvia Silva', '23/12/2012',3100);
insert into funcionario values (12341234992, 'Ada Asimoov', '21/12/2003', 6000);
insert into funcionario values (12341234299, 'Alexandra Kafka', '01/03/2011', 5840);
insert into funcionario values (12341234001, 'Homer Simpson', '01/05/2016', 800);


insert into receitas values (1, 'Miojo', 1, '5min', 0, '29Fev17', 'Macarrão Instantâneo',  5,12345678900, 0);
insert into receitas values (2, 'Gelo', 12, '1h00min', 0, '31Abr17', 'Água sólida',  7,12345677700, 1);
insert into receitas values (3, 'Achocolatado', 1, '1min', 1, '31Jun17', 'Leite com nescau',  9, 12345611100, 2);
insert into receitas values (4, 'Alface', 2, '3min', 1, '31Set17', 'Salada de Alface',  10,12345678900, 3);
insert into receitas values (5, 'Ovo Frito', 1, '5min', 2, '31Nov17', 'Ovo Frito',  11,12345677700, 4);
insert into receitas values (6, 'Sashimi', 4, '0min', 0, '29Fev18', 'Salmao Cru',  8,12345611100, 5);
insert into receitas values (7, 'Risoto', 2, '30min', 5, '31Abr17', 'Arroz com queijo',  2,12345678900, 6);
insert into receitas values (8, 'Abacaxi', 3, '20min', 2, '02Mar17', 'Assado no espeto',  9,12345611100, 1);
insert into receitas values (11, 'Arroz', 6, '35min', 4, '31Mai17', 'Doce',  9,12345611100, 1);
insert into receitas values (12, 'Caldinho', 5, '40min', 5, '16Jun17', 'De feijao',  7,12345622200, 2);
insert into receitas values (13,'Biscoito',10,'40min',5,'17Jan15','Tuile',6,12345611100,28);
insert into receitas values (14, 'Risotto', 5, '28min',0,'01Jan09', 'Com Cogumelos',2,12341234666,9);
insert into receitas values (15, 'Pão', 1, '8min',0,'22Mar11', 'De Iogurte',4,12341234991,9);
insert into receitas values (16, 'Mousse', 5, '5h12min',0,'16Set12', 'De Chocolate',9,12341234991,9);
insert into receitas values (17, 'Hamburguer', 5, '38min',0,'11Mar15', 'de Okara',17,12341234991,9);
insert into receitas values (18, 'Pão', 1, '45min',0,'17Jul92', 'De Ló',2,12341234666,8);
insert into receitas values (19, 'Torta', 1, '50min',0,'18Ago92', 'Fria de Atum',12,12341234991,9);

insert into conteudo values (1, 1, 9781236666666);
insert into conteudo values (2, 2, 9781236666666);
insert into conteudo values (3, 3, 9781234444444);
insert into conteudo values (4, 4, 9781237777777);
insert into conteudo values (5, 5, 9781234444444);
insert into conteudo values (6, 6, 9781237777777);
insert into conteudo values (7, 7, 9781237772548);
insert into conteudo values (8, 8, 9781237773658);
insert into conteudo values (11, 11, 9781237772589);
insert into conteudo values (12,7, 9781237771234);
insert into conteudo values (13,14, 9781237771234);
insert into conteudo values (14,15, 9781237774321);
insert into conteudo values (15,16, 9781237774321);
insert into conteudo values (16,17, 9781237774321);
insert into conteudo values (17,18, 9781237774321);

insert into teste_receita values (1,'29Fev17', 1, 3, 12345688800);
insert into teste_receita values (2,'30Fev17', 2,8, 12345622200);
insert into teste_receita values (3,'05Mar17', 3, 15, 12345297200);
insert into teste_receita values (4, '29Abr17', 4, 7, 12345603700);
insert into teste_receita values (5, '11Out17', 5, 5, 12345677700);
